<application>
  <component name="ProjectManager">
    <defaultProject>
      <component name="ProjectRootManager" version="2" languageLevel="JDK_17" project-jdk-name="17" project-jdk-type="JavaSDK" />
      <component name="PropertiesComponent"><![CDATA[{
  "keyToString": {
    "project.structure.last.edited": "Project",
    "project.structure.proportion": "0.0",
    "project.structure.side.proportion": "0.2"
  }
}]]></component>
      <component name="WindowStateProjectService">
        <state x="244" y="88" key="SettingsEditor" timestamp="1698248132623">
          <screen x="0" y="38" width="1512" height="944" />
        </state>
        <state x="244" y="88" key="SettingsEditor/0.38.1512.944/1512.25.2560.1415" timestamp="1698248132623" />
      </component>
      <component name="masterDetails">
        <states>
          <state key="GlobalLibrariesConfigurable.UI">
            <settings>
              <splitter-proportions>
                <option name="proportions">
                  <list>
                    <option value="0.2" />
                  </list>
                </option>
              </splitter-proportions>
            </settings>
          </state>
          <state key="JdkListConfigurable.UI">
            <settings>
              <last-edited>17</last-edited>
              <splitter-proportions>
                <option name="proportions">
                  <list>
                    <option value="0.2" />
                  </list>
                </option>
              </splitter-proportions>
            </settings>
          </state>
          <state key="ProjectJDKs.UI">
            <settings>
              <last-edited>17</last-edited>
              <splitter-proportions>
                <option name="proportions">
                  <list>
                    <option value="0.2" />
                  </list>
                </option>
              </splitter-proportions>
            </settings>
          </state>
          <state key="ProjectLibrariesConfigurable.UI">
            <settings>
              <splitter-proportions>
                <option name="proportions">
                  <list>
                    <option value="0.2" />
                  </list>
                </option>
              </splitter-proportions>
            </settings>
          </state>
        </states>
      </component>
    </defaultProject>
  </component>
</application>